{
  "processed_pairs": [
    "FOS||FOS",
    "JUN||JUN"
  ],
  "pair_stats": {
    "FOS||FOS": {
      "ablation": {
        "count": 8,
        "mean": -0.047759771347045885,
        "m2": 12.148703168702468
      },
      "swap": {
        "count": 8,
        "mean": 0.20918774604797363,
        "m2": 4.553623930572485
      }
    },
    "JUN||JUN": {
      "ablation": {
        "count": 8,
        "mean": -1.4502670764923096,
        "m2": 2.230911820238816
      },
      "swap": {
        "count": 8,
        "mean": -0.36797118186950684,
        "m2": 4.93255135163372
      }
    }
  },
  "component_stats": {
    "FOS||FOS": {
      "head:0:0": {
        "count": 8,
        "mean": -0.042990077508248056,
        "m2": 0.2458101338965658
      },
      "head:0:1": {
        "count": 8,
        "mean": -0.08683350333589257,
        "m2": 0.09121955020377945
      },
      "head:1:0": {
        "count": 8,
        "mean": 0.010969519392291727,
        "m2": 0.025671773883670045
      },
      "head:1:1": {
        "count": 8,
        "mean": 0.06325981509449159,
        "m2": 0.08407422257799661
      },
      "head:2:0": {
        "count": 8,
        "mean": -0.05100649064720364,
        "m2": 0.052818702982050644
      },
      "head:2:1": {
        "count": 8,
        "mean": -0.004024221963276515,
        "m2": 0.012571811037815564
      },
      "head:3:0": {
        "count": 8,
        "mean": 0.053823959998145425,
        "m2": 0.14447490943621696
      },
      "head:3:1": {
        "count": 8,
        "mean": -0.04285134988547114,
        "m2": 0.1323750170046731
      },
      "head:4:0": {
        "count": 8,
        "mean": -0.018674602492031393,
        "m2": 0.11585572317567092
      },
      "head:4:1": {
        "count": 8,
        "mean": 0.015503692043677998,
        "m2": 0.34555505204823983
      },
      "head:5:0": {
        "count": 8,
        "mean": 0.07039528893821197,
        "m2": 0.5124865758718634
      },
      "head:5:1": {
        "count": 8,
        "mean": -0.03384061258056624,
        "m2": 0.05699818879691871
      },
      "head:6:0": {
        "count": 8,
        "mean": 0.13761031254885842,
        "m2": 0.8421108638103058
      },
      "head:6:1": {
        "count": 8,
        "mean": -0.071380674209019,
        "m2": 0.1665893787668377
      },
      "head:7:0": {
        "count": 8,
        "mean": 0.04259329942468449,
        "m2": 0.08676180892174629
      },
      "head:7:1": {
        "count": 8,
        "mean": -0.043038139609176455,
        "m2": 0.07061363797208796
      },
      "head:8:0": {
        "count": 8,
        "mean": 0.002442297791797038,
        "m2": 0.020125335733423753
      },
      "head:8:1": {
        "count": 8,
        "mean": -0.0004558710231696247,
        "m2": 0.01334685142010261
      },
      "head:9:0": {
        "count": 8,
        "mean": 0.0033833212240462797,
        "m2": 0.009087040286296413
      },
      "head:9:1": {
        "count": 8,
        "mean": 0.00019132176129591774,
        "m2": 0.022735449714190274
      },
      "head:10:0": {
        "count": 8,
        "mean": 0.004489714170529656,
        "m2": 0.0015623493383290438
      },
      "head:10:1": {
        "count": 8,
        "mean": 0.013403660273379135,
        "m2": 0.003952974620850129
      },
      "head:11:0": {
        "count": 8,
        "mean": -0.00039241747723411805,
        "m2": 0.0006848701783274704
      },
      "head:11:1": {
        "count": 8,
        "mean": 0.006437354309115856,
        "m2": 0.0018446459118766983
      }
    },
    "JUN||JUN": {
      "head:0:0": {
        "count": 8,
        "mean": 0.05030888570337461,
        "m2": 0.10310497569047097
      },
      "head:0:1": {
        "count": 8,
        "mean": 0.007273832274825816,
        "m2": 0.07742348057450538
      },
      "head:1:0": {
        "count": 8,
        "mean": -0.044759501428925694,
        "m2": 0.02787692932555904
      },
      "head:1:1": {
        "count": 8,
        "mean": 0.02385616242472304,
        "m2": 0.004223516987116968
      },
      "head:2:0": {
        "count": 8,
        "mean": -0.015478799251424535,
        "m2": 0.01726283801955138
      },
      "head:2:1": {
        "count": 8,
        "mean": 0.12250461465002142,
        "m2": 0.34522049635665936
      },
      "head:3:0": {
        "count": 8,
        "mean": 0.03262258679187224,
        "m2": 0.010043573155610695
      },
      "head:3:1": {
        "count": 8,
        "mean": -0.04170986028986434,
        "m2": 0.0036244787767855547
      },
      "head:4:0": {
        "count": 8,
        "mean": -0.06285409600232539,
        "m2": 0.034253653592918876
      },
      "head:4:1": {
        "count": 8,
        "mean": 0.1164983775348784,
        "m2": 0.1645049137808152
      },
      "head:5:0": {
        "count": 8,
        "mean": 0.0069137841736737525,
        "m2": 0.004471057878203039
      },
      "head:5:1": {
        "count": 8,
        "mean": -0.019974601947436634,
        "m2": 0.025050697825382467
      },
      "head:6:0": {
        "count": 8,
        "mean": 0.05841887469140229,
        "m2": 0.02042046570027853
      },
      "head:6:1": {
        "count": 8,
        "mean": -0.014876143404862138,
        "m2": 0.05542610849231931
      },
      "head:7:0": {
        "count": 8,
        "mean": 0.08144438303340659,
        "m2": 0.08492125529858706
      },
      "head:7:1": {
        "count": 8,
        "mean": 0.01247731026488388,
        "m2": 0.020696419121499724
      },
      "head:8:0": {
        "count": 8,
        "mean": 0.05524185712748531,
        "m2": 0.004525728961635882
      },
      "head:8:1": {
        "count": 8,
        "mean": 0.008058042822637536,
        "m2": 0.0018611366601703904
      },
      "head:9:0": {
        "count": 8,
        "mean": 0.003030289773285298,
        "m2": 0.0014731333100973304
      },
      "head:9:1": {
        "count": 8,
        "mean": -0.03455058727521444,
        "m2": 0.008230710591780262
      },
      "head:10:0": {
        "count": 8,
        "mean": 0.00582943579621545,
        "m2": 0.00024937633667272273
      },
      "head:10:1": {
        "count": 8,
        "mean": 0.008556114152608561,
        "m2": 0.0026449020121010695
      },
      "head:11:0": {
        "count": 8,
        "mean": 0.004767902186513448,
        "m2": 0.0002637518357302174
      },
      "head:11:1": {
        "count": 8,
        "mean": 0.008863778003704921,
        "m2": 0.0025761154226361066
      }
    }
  },
  "saved_at": 1770767949.1821198
}