{
  "processed_pairs": [
    "KLF2||CXCR4",
    "STAT4||S100A4"
  ],
  "pair_stats": {
    "KLF2||CXCR4": {
      "ablation": {
        "count": 11,
        "mean": -0.08180913058194247,
        "m2": 0.2564828145649781
      }
    },
    "STAT4||S100A4": {
      "ablation": {
        "count": 2,
        "mean": -0.00092315673828125,
        "m2": 2.363958628848195e-06
      }
    }
  },
  "component_stats": {
    "KLF2||CXCR4": {
      "mlp:0": {
        "count": 11,
        "mean": -0.8597683250163157,
        "m2": 19.617158032227508
      },
      "mlp:1": {
        "count": 11,
        "mean": -0.17610147013940872,
        "m2": 1.9721584402847592
      },
      "mlp:2": {
        "count": 11,
        "mean": -0.06077669637151055,
        "m2": 3.528848457339694
      },
      "mlp:3": {
        "count": 11,
        "mean": -0.6708674893059391,
        "m2": 4.201229435504014
      },
      "mlp:4": {
        "count": 11,
        "mean": -0.5223355938086961,
        "m2": 4.611115740306276
      },
      "mlp:5": {
        "count": 11,
        "mean": -0.019866522597187682,
        "m2": 0.39204866575096575
      },
      "mlp:6": {
        "count": 11,
        "mean": -0.3842421707446626,
        "m2": 1.7861351877201253
      },
      "mlp:7": {
        "count": 11,
        "mean": -0.344268415540412,
        "m2": 1.4701486069792868
      },
      "mlp:8": {
        "count": 11,
        "mean": 0.025279231268852002,
        "m2": 0.08794997510208198
      },
      "mlp:9": {
        "count": 11,
        "mean": -0.03029646315376677,
        "m2": 0.010135349372351889
      },
      "mlp:10": {
        "count": 11,
        "mean": 0.0027815637216433483,
        "m2": 0.00021355844737777738
      },
      "mlp:11": {
        "count": 11,
        "mean": 0.0,
        "m2": 0.0
      }
    },
    "STAT4||S100A4": {
      "mlp:0": {
        "count": 2,
        "mean": -0.7886677551740877,
        "m2": 6.233358644408569
      },
      "mlp:1": {
        "count": 2,
        "mean": -0.052888222055513884,
        "m2": 0.011595828439480461
      },
      "mlp:2": {
        "count": 2,
        "mean": 0.19651604077489965,
        "m2": 0.1985909764424184
      },
      "mlp:3": {
        "count": 2,
        "mean": -0.7024844446405718,
        "m2": 2.113838742706258
      },
      "mlp:4": {
        "count": 2,
        "mean": 0.653722254092935,
        "m2": 2.2501647299000695
      },
      "mlp:5": {
        "count": 2,
        "mean": -0.05703631790300516,
        "m2": 0.01689858707820786
      },
      "mlp:6": {
        "count": 2,
        "mean": 0.012576673580159747,
        "m2": 0.00022808807822651494
      },
      "mlp:7": {
        "count": 2,
        "mean": 0.020188870747098547,
        "m2": 0.018466652695538377
      },
      "mlp:8": {
        "count": 2,
        "mean": 0.017331538767044706,
        "m2": 0.005499047866445153
      },
      "mlp:9": {
        "count": 2,
        "mean": -0.008075548298839417,
        "m2": 0.0029546644312861406
      },
      "mlp:10": {
        "count": 2,
        "mean": -0.017552182163187855,
        "m2": 0.0006161581973794598
      },
      "mlp:11": {
        "count": 2,
        "mean": 0.0,
        "m2": 0.0
      }
    }
  },
  "saved_at": 1770770259.9804878
}