{
  "processed_pairs": [
    "FOS||FOS",
    "FOXP3||IL2RA",
    "GATA3||GATA3",
    "JUN||JUN",
    "JUN||TNF"
  ],
  "pair_stats": {
    "GATA3||GATA3": {
      "ablation": {
        "count": 5,
        "mean": -1.0681289672851562,
        "m2": 2.119585183968593
      },
      "swap": {
        "count": 5,
        "mean": 0.3123992919921875,
        "m2": 1.5513285959561471
      }
    },
    "FOS||FOS": {
      "ablation": {
        "count": 8,
        "mean": 0.8637418746948242,
        "m2": 2.6007233175550937
      },
      "swap": {
        "count": 8,
        "mean": 0.021731853485107422,
        "m2": 0.1627950471938675
      }
    },
    "JUN||JUN": {
      "ablation": {
        "count": 7,
        "mean": -0.4194131578717913,
        "m2": 3.1760112767421687
      },
      "swap": {
        "count": 7,
        "mean": -0.08036613464355469,
        "m2": 0.23323780290957075
      }
    },
    "FOXP3||IL2RA": {
      "ablation": {
        "count": 1,
        "mean": -0.2686805725097656,
        "m2": 0.0
      },
      "swap": {
        "count": 1,
        "mean": 0.1385631561279297,
        "m2": 0.0
      }
    },
    "JUN||TNF": {
      "ablation": {
        "count": 1,
        "mean": -0.1734161376953125,
        "m2": 0.0
      },
      "swap": {
        "count": 1,
        "mean": -0.07903099060058594,
        "m2": 0.0
      }
    }
  },
  "component_stats": {
    "GATA3||GATA3": {
      "head:0:0": {
        "count": 5,
        "mean": 0.2307163667591783,
        "m2": 1.0101379127387569
      },
      "head:0:1": {
        "count": 5,
        "mean": -0.11870220498513377,
        "m2": 0.20182932121530495
      },
      "head:1:0": {
        "count": 5,
        "mean": -0.038600130560057115,
        "m2": 0.02224819338239139
      },
      "head:1:1": {
        "count": 5,
        "mean": 0.07619160541308176,
        "m2": 0.003819560619341786
      },
      "head:2:0": {
        "count": 5,
        "mean": -0.2664061531170718,
        "m2": 0.9053226897027816
      },
      "head:2:1": {
        "count": 5,
        "mean": 0.15073918353422777,
        "m2": 0.10373748482169234
      },
      "head:3:0": {
        "count": 5,
        "mean": -0.18829184302905247,
        "m2": 0.5073501472630328
      },
      "head:3:1": {
        "count": 5,
        "mean": 0.08440822227168358,
        "m2": 0.04210694744679806
      },
      "head:4:0": {
        "count": 5,
        "mean": 0.0862263170644008,
        "m2": 0.09660131752738665
      },
      "head:4:1": {
        "count": 5,
        "mean": 0.05198884262504302,
        "m2": 0.01708641073117316
      },
      "head:5:0": {
        "count": 5,
        "mean": 0.10648777171172426,
        "m2": 0.06816897342376806
      },
      "head:5:1": {
        "count": 5,
        "mean": -0.03627195336876665,
        "m2": 0.06282348874100949
      },
      "head:6:0": {
        "count": 5,
        "mean": -0.06515928701614551,
        "m2": 0.026134475961704484
      },
      "head:6:1": {
        "count": 5,
        "mean": -0.204458256390959,
        "m2": 0.11034938951798387
      },
      "head:7:0": {
        "count": 5,
        "mean": 0.36416978028128566,
        "m2": 1.4722056817317497
      },
      "head:7:1": {
        "count": 5,
        "mean": 0.22851808151931247,
        "m2": 0.551374249679585
      },
      "head:8:0": {
        "count": 5,
        "mean": 0.11434295588263269,
        "m2": 0.19024530530023628
      },
      "head:8:1": {
        "count": 5,
        "mean": 0.08995017996398544,
        "m2": 0.06968859190257794
      },
      "head:9:0": {
        "count": 5,
        "mean": 0.12065151824277288,
        "m2": 0.23460732579226506
      },
      "head:9:1": {
        "count": 5,
        "mean": 0.013016304122548956,
        "m2": 0.005462148151483598
      },
      "head:10:0": {
        "count": 5,
        "mean": -0.02303150415255497,
        "m2": 0.001449169226848811
      },
      "head:10:1": {
        "count": 5,
        "mean": -0.06050349504048182,
        "m2": 0.04543591924277983
      },
      "head:11:0": {
        "count": 5,
        "mean": -0.025541851858533318,
        "m2": 0.008014560155738435
      },
      "head:11:1": {
        "count": 5,
        "mean": 0.025914170725080708,
        "m2": 0.0023806258047949207
      }
    },
    "FOS||FOS": {
      "head:0:0": {
        "count": 8,
        "mean": 0.06970253173100788,
        "m2": 0.5360925791039578
      },
      "head:0:1": {
        "count": 8,
        "mean": 0.08517150479779707,
        "m2": 0.10687551180112724
      },
      "head:1:0": {
        "count": 8,
        "mean": 0.053405772149444086,
        "m2": 0.5187022803715888
      },
      "head:1:1": {
        "count": 8,
        "mean": -0.02697401894602788,
        "m2": 0.07944564044887548
      },
      "head:2:0": {
        "count": 8,
        "mean": 0.020748591616578996,
        "m2": 0.06081446275194705
      },
      "head:2:1": {
        "count": 8,
        "mean": -0.01419213945317877,
        "m2": 0.044203782795326406
      },
      "head:3:0": {
        "count": 8,
        "mean": -0.02815798620156538,
        "m2": 0.0216270258394368
      },
      "head:3:1": {
        "count": 8,
        "mean": 0.02546103987186274,
        "m2": 0.06341060157483797
      },
      "head:4:0": {
        "count": 8,
        "mean": -0.011859116674451728,
        "m2": 0.31575761826268245
      },
      "head:4:1": {
        "count": 8,
        "mean": -0.05850755459492467,
        "m2": 0.3652926067791741
      },
      "head:5:0": {
        "count": 8,
        "mean": -0.036570885107690854,
        "m2": 0.041070504232646986
      },
      "head:5:1": {
        "count": 8,
        "mean": -0.06430564920951062,
        "m2": 0.09215510998634255
      },
      "head:6:0": {
        "count": 8,
        "mean": 0.014510285303662357,
        "m2": 0.03406825001074739
      },
      "head:6:1": {
        "count": 8,
        "mean": -0.010922807086354343,
        "m2": 0.23090941446970745
      },
      "head:7:0": {
        "count": 8,
        "mean": -0.04475191416072438,
        "m2": 0.016228710682924013
      },
      "head:7:1": {
        "count": 8,
        "mean": 0.0055382666823692835,
        "m2": 0.0269181640804052
      },
      "head:8:0": {
        "count": 8,
        "mean": -0.022212954066094085,
        "m2": 0.00864152006829434
      },
      "head:8:1": {
        "count": 8,
        "mean": -0.02206014307071206,
        "m2": 0.008721854583156016
      },
      "head:9:0": {
        "count": 8,
        "mean": -0.03657336531392694,
        "m2": 0.0057167065717083545
      },
      "head:9:1": {
        "count": 8,
        "mean": 0.019560666116344595,
        "m2": 0.0032486079906595116
      },
      "head:10:0": {
        "count": 8,
        "mean": -0.00042763503404987424,
        "m2": 0.0016182303917228055
      },
      "head:10:1": {
        "count": 8,
        "mean": -0.003683102539855975,
        "m2": 0.004170237471743087
      },
      "head:11:0": {
        "count": 8,
        "mean": -0.001148242111005898,
        "m2": 0.0009880674327368637
      },
      "head:11:1": {
        "count": 8,
        "mean": -0.004533794760097597,
        "m2": 0.002640435761160423
      }
    },
    "JUN||JUN": {
      "head:0:0": {
        "count": 7,
        "mean": -0.016831214441801017,
        "m2": 0.04926329368980195
      },
      "head:0:1": {
        "count": 7,
        "mean": -0.079847542322423,
        "m2": 0.08600168227095843
      },
      "head:1:0": {
        "count": 7,
        "mean": -0.018126111307303065,
        "m2": 0.11927756547342641
      },
      "head:1:1": {
        "count": 7,
        "mean": 0.06516055407718704,
        "m2": 0.10394663646321989
      },
      "head:2:0": {
        "count": 7,
        "mean": 0.081184175824048,
        "m2": 0.07374887822064936
      },
      "head:2:1": {
        "count": 7,
        "mean": 0.12116324195850958,