{
  "processed_pairs": [
    "EGR1||CD28",
    "ETS1||CD8A",
    "ETS1||LCK",
    "FOS||FOS",
    "HIPK2||MEF2C",
    "JUN||ETS1",
    "JUN||JUN",
    "KLF2||CXCR4",
    "PAX5||BLK",
    "PAX5||CD79A",
    "STAT4||PRF1",
    "STAT4||S100A4"
  ],
  "pair_stats": {
    "FOS||FOS": {
      "ablation": {
        "count": 12,
        "mean": -0.3761351903279623,
        "m2": 16.80578221286002
      }
    },
    "KLF2||CXCR4": {
      "ablation": {
        "count": 12,
        "mean": -0.15701119105021155,
        "m2": 0.22312827439933852
      }
    },
    "JUN||JUN": {
      "ablation": {
        "count": 12,
        "mean": -1.0994850794474282,
        "m2": 6.347040012863241
      }
    },
    "STAT4||PRF1": {
      "ablation": {
        "count": 3,
        "mean": 0.04284095764160156,
        "m2": 0.007390098304313142
      }
    },
    "STAT4||S100A4": {
      "ablation": {
        "count": 9,
        "mean": 0.05093171861436632,
        "m2": 0.24576901354480973
      }
    },
    "HIPK2||MEF2C": {
      "ablation": {
        "count": 1,
        "mean": 0.03283119201660156,
        "m2": 0.0
      }
    },
    "ETS1||LCK": {
      "ablation": {
        "count": 2,
        "mean": -0.04300403594970703,
        "m2": 0.003976365451308084
      }
    },
    "ETS1||CD8A": {
      "ablation": {
        "count": 3,
        "mean": 0.06110445658365886,
        "m2": 0.055788296320921894
      }
    },
    "JUN||ETS1": {
      "ablation": {
        "count": 4,
        "mean": -0.005206584930419922,
        "m2": 0.004573742650791246
      }
    },
    "PAX5||CD79A": {
      "ablation": {
        "count": 1,
        "mean": -0.2303466796875,
        "m2": 0.0
      }
    }
  },
  "component_stats": {},
  "saved_at": 1770769407.5974212
}