pair	granularity	top_k	mean_pair_jaccard	min_pair_jaccard	max_pair_jaccard	num_tissue_pairs	effect_sign_consistency	mean_abs_effect	min_cells_across_tissues	max_cells_across_tissues
KLF2->CXCR4	heads	5	0.30952380952380953	0.25	0.42857142857142855	3				
KLF2->CXCR4	mlp	5	0.6190476190476191	0.42857142857142855	1.0	3				
KLF2->CXCR4	pair_effect	5				3	1.0	0.0901035491866294	11.0	12.0
STAT4->S100A4	heads	5	0.1574074074074074	0.1111111111111111	0.25	3				
STAT4->S100A4	mlp	5	0.44841269841269843	0.25	0.6666666666666666	3				
STAT4->S100A4	pair_effect	5				3	0.3333333333333333	0.0415011158695927	2.0	9.0
