tissue	granularity	pairs_with_scores	mean_effect	mean_abs_effect	top5_mediator_mass
kidney	heads	2	0.020579973856608102	0.052068710327148396	0.6647300158897164
kidney	mlp	2	0.020579973856608102	0.052068710327148396	0.868907227844401
lung	heads	2	-0.0413661436601118	0.0413661436601118	0.6353464465655093
lung	mlp	2	-0.0413661436601118	0.0413661436601118	0.923673669077423
immune	heads	2	-0.05304063691033255	0.10397214359707295	0.6304100790125342
immune	mlp	2	-0.05304063691033255	0.10397214359707295	0.8243569025989208
