source	target	label	intervention	effect_mean	effect_std	n_cells
KLF2	CXCR4	1	ablation	-0.08180930397727273	0.1601507382047588	11
GATA3	GATA3	1	ablation	-0.6562969207763671	0.9296686879981823	5
STAT4	S100A4	1	ablation	-0.0009241104125976562	0.001528076139610974	2
TCF4	VIM	1	ablation	0.04278834660847982	0.02865405633579525	12
AKR1B1	VIM	1	ablation	0.03597370783487956	0.0369724701926794	12
