{
  "processed_pairs": [
    "KLF2||CXCR4",
    "STAT4||S100A4"
  ],
  "pair_stats": {
    "KLF2||CXCR4": {
      "ablation": {
        "count": 11,
        "mean": -0.08180913058194247,
        "m2": 0.2564828145649781
      }
    },
    "STAT4||S100A4": {
      "ablation": {
        "count": 2,
        "mean": -0.00092315673828125,
        "m2": 2.363958628848195e-06
      }
    }
  },
  "component_stats": {
    "KLF2||CXCR4": {
      "head:0:0": {
        "count": 11,
        "mean": 0.002225531637408677,
        "m2": 0.08246516912580816
      },
      "head:0:1": {
        "count": 11,
        "mean": 0.15024809618060853,
        "m2": 0.3584104765836751
      },
      "head:1:0": {
        "count": 11,
        "mean": 0.0022857674106223536,
        "m2": 0.3309326668048851
      },
      "head:1:1": {
        "count": 11,
        "mean": -0.108605816233138,
        "m2": 0.19731893989941005
      },
      "head:2:0": {
        "count": 11,
        "mean": 0.05277594896705596,
        "m2": 0.06976638843257676
      },
      "head:2:1": {
        "count": 11,
        "mean": 0.0003662447490494845,
        "m2": 0.03521488505561767
      },
      "head:3:0": {
        "count": 11,
        "mean": -0.11889566144305291,
        "m2": 0.26306344611870675
      },
      "head:3:1": {
        "count": 11,
        "mean": -0.08132822748465053,
        "m2": 0.08993310992688806
      },
      "head:4:0": {
        "count": 11,
        "mean": -0.10185623004259739,
        "m2": 0.17563076122906782
      },
      "head:4:1": {
        "count": 11,
        "mean": -0.02728649329714894,
        "m2": 0.13246577192263703
      },
      "head:5:0": {
        "count": 11,
        "mean": 0.09566870456474862,
        "m2": 0.1419774257141417
      },
      "head:5:1": {
        "count": 11,
        "mean": 0.024480184798274116,
        "m2": 0.03120088956136536
      },
      "head:6:0": {
        "count": 11,
        "mean": -0.07859878784537311,
        "m2": 0.13233376487887644
      },
      "head:6:1": {
        "count": 11,
        "mean": 0.017814361735065315,
        "m2": 0.03281757352623149
      },
      "head:7:0": {
        "count": 11,
        "mean": -0.12430844299588029,
        "m2": 0.24888764436864066
      },
      "head:7:1": {
        "count": 11,
        "mean": 0.0010723871386092393,
        "m2": 0.01083273169146361
      },
      "head:8:0": {
        "count": 11,
        "mean": 0.005232364200677836,
        "m2": 0.0010719926525458287
      },
      "head:8:1": {
        "count": 11,
        "mean": 0.0050676118386158075,
        "m2": 0.0006340582394141767
      },
      "head:9:0": {
        "count": 11,
        "mean": -0.005529080405956966,
        "m2": 0.0002621994345165365
      },
      "head:9:1": {
        "count": 11,
        "mean": -0.0025249173707219043,
        "m2": 0.0001292074412472224
      },
      "head:10:0": {
        "count": 11,
        "mean": -0.0005515364737370522,
        "m2": 3.78503856344965e-06
      },
      "head:10:1": {
        "count": 11,
        "mean": 2.6212617751997314e-05,
        "m2": 4.0774544299109646e-06
      },
      "head:11:0": {
        "count": 11,
        "mean": 0.0,
        "m2": 0.0
      },
      "head:11:1": {
        "count": 11,
        "mean": 0.0,
        "m2": 0.0
      }
    },
    "STAT4||S100A4": {
      "head:0:0": {
        "count": 2,
        "mean": 0.28914213847579545,
        "m2": 0.14139107513596316
      },
      "head:0:1": {
        "count": 2,
        "mean": 0.12496138740567497,
        "m2": 0.16560252493588282
      },
      "head:1:0": {
        "count": 2,
        "mean": 0.2370923613256255,
        "m2": 0.048483119395636064
      },
      "head:1:1": {
        "count": 2,
        "mean": -0.005924275186443669,
        "m2": 0.0017029552044287596
      },
      "head:2:0": {
        "count": 2,
        "mean": -0.05620890516746835,
        "m2": 0.012629283169945087
      },
      "head:2:1": {
        "count": 2,
        "mean": 0.0007060588676580902,
        "m2": 0.0011483426981935953
      },
      "head:3:0": {
        "count": 2,
        "mean": 0.08243237279908212,
        "m2": 0.004521748589090102
      },
      "head:3:1": {
        "count": 2,
        "mean": 0.02966550461144698,
        "m2": 0.003216330742248377
      },
      "head:4:0": {
        "count": 2,
        "mean": 0.10732094788402982,
        "m2": 0.0404443356651481
      },
      "head:4:1": {
        "count": 2,
        "mean": 0.014959622258505799,
        "m2": 0.006007794179041831
      },
      "head:5:0": {
        "count": 2,
        "mean": 0.17244384625568157,
        "m2": 0.044514137964400485
      },
      "head:5:1": {
        "count": 2,
        "mean": 0.09595781298265743,
        "m2": 0.002860444316737001
      },
      "head:6:0": {
        "count": 2,
        "mean": 0.03132033008252063,
        "m2": 0.00046155105918265014
      },
      "head:6:1": {
        "count": 2,
        "mean": 0.02669785093332156,
        "m2": 0.001977158979273602
      },
      "head:7:0": {
        "count": 2,
        "mean": 0.006884073959666389,
        "m2": 0.0005360677408506205
      },
      "head:7:1": {
        "count": 2,
        "mean": 0.027525263668858393,
        "m2": 0.000720964053964999
      },
      "head:8:0": {
        "count": 2,
        "mean": 0.011627906976744186,
        "m2": 0.0002704164413196322
      },
      "head:8:1": {
        "count": 2,
        "mean": 0.02669785093332156,
        "m2": 0.001977158979273602
      },
      "head:9:0": {
        "count": 2,
        "mean": 0.01292970301398879,
        "m2": 3.389345845171512e-06
      },
      "head:9:1": {
        "count": 2,
        "mean": 0.004269449715370019,
        "m2": 3.6456401744146276e-05
      },
      "head:10:0": {
        "count": 2,
        "mean": 0.006166982922201139,
        "m2": 7.6063356725441e-05
      },
      "head:10:1": {
        "count": 2,
        "mean": 0.016846123295529765,
        "m2": 8.216826866144368e-05
      },
      "head:11:0": {
        "count": 2,
        "mean": 0.0,
        "m2": 0.0
      },
      "head:11:1": {
        "count": 2,
        "mean": 0.0,
        "m2": 0.0
      }
    }
  },
  "saved_at": 1770770191.546885
}