{
  "processed_pairs": [
    "KLF2||CXCR4",
    "STAT4||S100A4"
  ],
  "pair_stats": {
    "KLF2||CXCR4": {
      "ablation": {
        "count": 12,
        "mean": -0.15701278050740558,
        "m2": 0.22312736834616467
      }
    },
    "STAT4||S100A4": {
      "ablation": {
        "count": 9,
        "mean": 0.05093150668674045,
        "m2": 0.24576523841662695
      }
    }
  },
  "component_stats": {
    "KLF2||CXCR4": {
      "head:0:0": {
        "count": 12,
        "mean": -0.09791708337702253,
        "m2": 0.40075965585989015
      },
      "head:0:1": {
        "count": 12,
        "mean": 0.08161511862125247,
        "m2": 0.30988855505199575
      },
      "head:1:0": {
        "count": 12,
        "mean": -0.009630581409396226,
        "m2": 0.14932848808105234
      },
      "head:1:1": {
        "count": 12,
        "mean": -0.0042942480446614365,
        "m2": 0.28852774464379144
      },
      "head:2:0": {
        "count": 12,
        "mean": 0.04733768659694715,
        "m2": 0.13015354220425066
      },
      "head:2:1": {
        "count": 12,
        "mean": -0.01271809619286261,
        "m2": 0.030153335045006644
      },
      "head:3:0": {
        "count": 12,
        "mean": -0.016267875351082185,
        "m2": 0.1110785060064353
      },
      "head:3:1": {
        "count": 12,
        "mean": -0.028808899496023683,
        "m2": 0.06639846204198457
      },
      "head:4:0": {
        "count": 12,
        "mean": -0.060665220627816395,
        "m2": 0.13598389947475906
      },
      "head:4:1": {
        "count": 12,
        "mean": 0.006371227666272756,
        "m2": 0.047240220708029135
      },
      "head:5:0": {
        "count": 12,
        "mean": 0.02749776805206616,
        "m2": 0.08164431535102895
      },
      "head:5:1": {
        "count": 12,
        "mean": 0.031746883049133146,
        "m2": 0.0842701175076556
      },
      "head:6:0": {
        "count": 12,
        "mean": -0.029701787015040663,
        "m2": 0.01044912878216976
      },
      "head:6:1": {
        "count": 12,
        "mean": 0.009988267784795314,
        "m2": 0.002234497152014397
      },
      "head:7:0": {
        "count": 12,
        "mean": -0.028823784744774678,
        "m2": 0.018497604939749102
      },
      "head:7:1": {
        "count": 12,
        "mean": -0.0011853838753928315,
        "m2": 0.005603154576670053
      },
      "head:8:0": {
        "count": 12,
        "mean": 0.0002158674675050507,
        "m2": 0.00046470990165944773
      },
      "head:8:1": {
        "count": 12,
        "mean": 0.002181062197234647,
        "m2": 0.0005409810597247128
      },
      "head:9:0": {
        "count": 12,
        "mean": -0.002033869913158945,
        "m2": 0.0006431583807785016
      },
      "head:9:1": {
        "count": 12,
        "mean": -0.0023870807833722284,
        "m2": 0.00015548983681484466
      },
      "head:10:0": {
        "count": 12,
        "mean": -0.0004832619243613177,
        "m2": 1.810436747806748e-05
      },
      "head:10:1": {
        "count": 12,
        "mean": 0.0003822725675414632,
        "m2": 1.1350061009828711e-05
      },
      "head:11:0": {
        "count": 12,
        "mean": 0.0,
        "m2": 0.0
      },
      "head:11:1": {
        "count": 12,
        "mean": 0.0,
        "m2": 0.0
      }
    },
    "STAT4||S100A4": {
      "head:0:0": {
        "count": 9,
        "mean": 0.005674343553974212,
        "m2": 0.011045466741772902
      },
      "head:0:1": {
        "count": 9,
        "mean": 0.018893969641191985,
        "m2": 0.01781384057010824
      },
      "head:1:0": {
        "count": 9,
        "mean": 0.025626203026282504,
        "m2": 0.029081609262128445
      },
      "head:1:1": {
        "count": 9,
        "mean": 0.038511091134735935,
        "m2": 0.006238593136185159
      },
      "head:2:0": {
        "count": 9,
        "mean": -0.004644120304029583,
        "m2": 0.005787093519584001
      },
      "head:2:1": {
        "count": 9,
        "mean": 0.021360885192969414,
        "m2": 0.009400150888949363
      },
      "head:3:0": {
        "count": 9,
        "mean": 0.006721087993171399,
        "m2": 0.002848577101439145
      },
      "head:3:1": {
        "count": 9,
        "mean": -0.02545227846574383,
        "m2": 0.018083705935686496
      },
      "head:4:0": {
        "count": 9,
        "mean": 0.005795400154014132,
        "m2": 0.004760674185037133
      },
      "head:4:1": {
        "count": 9,
        "mean": 0.029284819587113556,
        "m2": 0.0036970911373684955
      },
      "head:5:0": {
        "count": 9,
        "mean": 0.008106590570129874,
        "m2": 0.0015099566188155878
      },
      "head:5:1": {
        "count": 9,
        "mean": 0.022016446854718517,
        "m2": 0.0015760526492074622
      },
      "head:6:0": {
        "count": 9,
        "mean": -0.0010058298461027614,
        "m2": 0.000540425604037033
      },
      "head:6:1": {
        "count": 9,
        "mean": -0.0022078574234264303,
        "m2": 0.00030620531172248993
      },
      "head:7:0": {
        "count": 9,
        "mean": -0.002793891410857377,
        "m2": 9.152517883054911e-05
      },
      "head:7:1": {
        "count": 9,
        "mean": -0.0011771070962764878,
        "m2": 0.0004026821707659639
      },
      "head:8:0": {
        "count": 9,
        "mean": -0.0015915508051161397,
        "m2": 7.667078007583567e-06
      },
      "head:8:1": {
        "count": 9,
        "mean": 0.00020486370124560386,
        "m2": 2.792563007422466e-05
      },
      "head:9:0": {
        "count": 9,
        "mean": -0.0013539257054365076,
        "m2": 3.420840632439849e-05
      },
      "head:9:1": {
        "count": 9,
        "mean": -7.393492131432263e-05,
        "m2": 1.0904289668085333e-05
      },
      "head:10:0": {
        "count": 9,
        "mean": 0.0017778077257217322,
        "m2": 1.4598152957193015e-05
      },
      "head:10:1": {
        "count": 9,
        "mean": -0.0011076857931412662,
        "m2": 1.558016077045785e-05
      },
      "head:11:0": {
        "count": 9,
        "mean": 0.0,
        "m2": 0.0
      },
      "head:11:1": {
        "count": 9,
        "mean": 0.0,
        "m2": 0.0
      }
    }
  },
  "saved_at": 1770770451.156608
}