{
  "processed_pairs": [
    "FOXP3||IL2RA",
    "GATA3||GATA3"
  ],
  "pair_stats": {
    "GATA3||GATA3": {
      "ablation": {
        "count": 3,
        "mean": -0.24883015950520834,
        "m2": 0.08146283222837762
      },
      "swap": {
        "count": 3,
        "mean": 0.41448020935058594,
        "m2": 1.8657892147093662
      }
    }
  },
  "component_stats": {
    "GATA3||GATA3": {
      "head:0:0": {
        "count": 3,
        "mean": -0.22288574809478215,
        "m2": 0.034630679286247565
      },
      "head:0:1": {
        "count": 3,
        "mean": -0.15862522684531816,
        "m2": 0.05161144673504047
      },
      "head:1:0": {
        "count": 3,
        "mean": 0.1618004008112775,
        "m2": 0.019471053468899987
      },
      "head:1:1": {
        "count": 3,
        "mean": 0.14565112963415966,
        "m2": 0.1314288875920898
      },
      "head:2:0": {
        "count": 3,
        "mean": -0.040270881155234736,
        "m2": 0.0007059184976759671
      },
      "head:2:1": {
        "count": 3,
        "mean": 0.2829254204539977,
        "m2": 0.15837333980875018
      },
      "head:3:0": {
        "count": 3,
        "mean": -0.0775751586745578,
        "m2": 0.04492580303594853
      },
      "head:3:1": {
        "count": 3,
        "mean": 0.20833190111210667,
        "m2": 0.021381985725530798
      },
      "head:4:0": {
        "count": 3,
        "mean": 0.10858761996148643,
        "m2": 0.05838026441739659
      },
      "head:4:1": {
        "count": 3,
        "mean": 0.19003252333814202,
        "m2": 0.15472167839686526
      },
      "head:5:0": {
        "count": 3,
        "mean": 0.3488222824288735,
        "m2": 0.17761155437887688
      },
      "head:5:1": {
        "count": 3,
        "mean": 0.05357457426723557,
        "m2": 0.0033265462265486016
      },
      "head:6:0": {
        "count": 3,
        "mean": -0.2853915209601415,
        "m2": 0.404262855140626
      },
      "head:6:1": {
        "count": 3,
        "mean": -0.6078889253373913,
        "m2": 1.8480210236579153
      },
      "head:7:0": {
        "count": 3,
        "mean": 0.15036953729272587,
        "m2": 0.28447111596446345
      },
      "head:7:1": {
        "count": 3,
        "mean": 0.4822695524686796,
        "m2": 1.1639790782861925
      },
      "head:8:0": {
        "count": 3,
        "mean": 0.10298983775894105,
        "m2": 0.09021383621937262
      },
      "head:8:1": {
        "count": 3,
        "mean": 0.20980963290153495,
        "m2": 0.28725263704271925
      },
      "head:9:0": {
        "count": 3,
        "mean": 0.006433808429413384,
        "m2": 0.000948934491163819
      },
      "head:9:1": {
        "count": 3,
        "mean": 0.0006317065828950561,
        "m2": 0.0007762079551236417
      },
      "head:10:0": {
        "count": 3,
        "mean": -0.02549914600903575,
        "m2": 0.0018779364063672157
      },
      "head:10:1": {
        "count": 3,
        "mean": -0.0016212350752812365,
        "m2": 0.001566739731094911
      },
      "head:11:0": {
        "count": 3,
        "mean": -0.03475721319896996,
        "m2": 0.0054500172913809165
      },
      "head:11:1": {
        "count": 3,
        "mean": 0.06623427628760001,
        "m2": 0.019478554815911014
      }
    }
  },
  "saved_at": 1770766902.0396001
}