{
  "processed_pairs": [
    "KLF2||CXCR4",
    "STAT4||S100A4"
  ],
  "pair_stats": {
    "KLF2||CXCR4": {
      "ablation": {
        "count": 12,
        "mean": -0.03148873647054037,
        "m2": 0.008193370179166473
      }
    },
    "STAT4||S100A4": {
      "ablation": {
        "count": 6,
        "mean": 0.07264868418375652,
        "m2": 0.01367852697452084
      }
    }
  },
  "component_stats": {
    "KLF2||CXCR4": {
      "head:0:0": {
        "count": 12,
        "mean": 1.2749175587769883,
        "m2": 105.4646106346267
      },
      "head:0:1": {
        "count": 12,
        "mean": -6.132063755118637,
        "m2": 2987.3824327915163
      },
      "head:1:0": {
        "count": 12,
        "mean": 0.5693898204195481,
        "m2": 142.3108416358794
      },
      "head:1:1": {
        "count": 12,
        "mean": 1.4679161863194625,
        "m2": 195.57590549886226
      },
      "head:2:0": {
        "count": 12,
        "mean": -0.5141469346668849,
        "m2": 41.200160335094274
      },
      "head:2:1": {
        "count": 12,
        "mean": 0.1846642128482654,
        "m2": 23.212038032719317
      },
      "head:3:0": {
        "count": 12,
        "mean": 1.0894084716237575,
        "m2": 144.74927453231027
      },
      "head:3:1": {
        "count": 12,
        "mean": 0.6598018809439532,
        "m2": 58.37311109764752
      },
      "head:4:0": {
        "count": 12,
        "mean": 0.9503860300243272,
        "m2": 108.6213889257978
      },
      "head:4:1": {
        "count": 12,
        "mean": 1.8965266495647373,
        "m2": 597.6945048465982
      },
      "head:5:0": {
        "count": 12,
        "mean": 0.10178980046724748,
        "m2": 11.845741460567455
      },
      "head:5:1": {
        "count": 12,
        "mean": -0.14430224541815,
        "m2": 5.383699906896594
      },
      "head:6:0": {
        "count": 12,
        "mean": 0.3719261927027162,
        "m2": 19.749555421795343
      },
      "head:6:1": {
        "count": 12,
        "mean": -0.5782995170939055,
        "m2": 50.036050696034984
      },
      "head:7:0": {
        "count": 12,
        "mean": 0.7931820119606455,
        "m2": 67.89557445406041
      },
      "head:7:1": {
        "count": 12,
        "mean": -0.10521730993134898,
        "m2": 4.013782441528662
      },
      "head:8:0": {
        "count": 12,
        "mean": 0.1276226623858869,
        "m2": 1.3403165178321912
      },
      "head:8:1": {
        "count": 12,
        "mean": -0.072337493126125,
        "m2": 2.305622577776452
      },
      "head:9:0": {
        "count": 12,
        "mean": 0.09507000857944133,
        "m2": 1.0906922076558794
      },
      "head:9:1": {
        "count": 12,
        "mean": 0.04533762909531894,
        "m2": 0.35314300412722494
      },
      "head:10:0": {
        "count": 12,
        "mean": 0.00850613562136843,
        "m2": 0.0051098248842166225
      },
      "head:10:1": {
        "count": 12,
        "mean": 0.011910861821052485,
        "m2": 0.03235364075784682
      },
      "head:11:0": {
        "count": 12,
        "mean": 0.0,
        "m2": 0.0
      },
      "head:11:1": {
        "count": 12,
        "mean": 0.0,
        "m2": 0.0
      }
    },
    "STAT4||S100A4": {
      "head:0:0": {
        "count": 6,
        "mean": -0.002850266682792569,
        "m2": 0.01247055166131386
      },
      "head:0:1": {
        "count": 6,
        "mean": 0.05616560414058131,
        "m2": 0.065902215193109
      },
      "head:1:0": {
        "count": 6,
        "mean": -0.010507361100477819,
        "m2": 0.004298680066360707
      },
      "head:1:1": {
        "count": 6,
        "mean": 0.005407785662175372,
        "m2": 0.02381998305497803
      },
      "head:2:0": {
        "count": 6,
        "mean": -0.008495894630150994,
        "m2": 0.004435190949035475
      },
      "head:2:1": {
        "count": 6,
        "mean": 0.027019733187854715,
        "m2": 0.0047620434375535035
      },
      "head:3:0": {
        "count": 6,
        "mean": 0.018892782254952927,
        "m2": 0.006935174985980726
      },
      "head:3:1": {
        "count": 6,
        "mean": 0.00987872329774842,
        "m2": 0.006155748600504355
      },
      "head:4:0": {
        "count": 6,
        "mean": -0.01728459246323206,
        "m2": 0.0014276499411731446
      },
      "head:4:1": {
        "count": 6,
        "mean": 0.01873255659574811,
        "m2": 0.004794864068447863
      },
      "head:5:0": {
        "count": 6,
        "mean": 0.02014359684092236,
        "m2": 0.004693790535219839
      },
      "head:5:1": {
        "count": 6,
        "mean": 0.00979872427109704,
        "m2": 0.0029275488867960466
      },
      "head:6:0": {
        "count": 6,
        "mean": -0.0013986067426559644,
        "m2": 5.0245912487314994e-05
      },
      "head:6:1": {
        "count": 6,
        "mean": -0.0006891907901638641,
        "m2": 0.0006560988248428637
      },
      "head:7:0": {
        "count": 6,
        "mean": -0.0018219730120539693,
        "m2": 4.778231044793429e-05
      },
      "head:7:1": {
        "count": 6,
        "mean": 0.0012657865577060967,
        "m2": 0.0001079829517300032
      },
      "head:8:0": {
        "count": 6,
        "mean": -0.00016108545473587026,
        "m2": 5.007017733355781e-05
      },
      "head:8:1": {
        "count": 6,
        "mean": -0.0017213598433255632,
        "m2": 2.831895896828066e-05
      },
      "head:9:0": {
        "count": 6,
        "mean": -0.0033935370208780244,
        "m2": 0.00010693007994604479
      },
      "head:9:1": {
        "count": 6,
        "mean": -0.0025119365254922953,
        "m2": 0.00020562495660615386
      },
      "head:10:0": {
        "count": 6,
        "mean": 0.001392467581797039,
        "m2": 0.00012631982908765317
      },
      "head:10:1": {
        "count": 6,
        "mean": -0.0008227870437190899,
        "m2": 0.0001914795417120033
      },
      "head:11:0": {
        "count": 6,
        "mean": 0.0,
        "m2": 0.0
      },
      "head:11:1": {
        "count": 6,
        "mean": 0.0,
        "m2": 0.0
      }
    }
  },
  "saved_at": 1770769977.0816078
}