{
  "processed_pairs": [
    "FOXP3||IL2RA",
    "GATA3||GATA3"
  ],
  "pair_stats": {
    "GATA3||GATA3": {
      "ablation": {
        "count": 3,
        "mean": -0.24883015950520834,
        "m2": 0.08146283222837762
      },
      "swap": {
        "count": 3,
        "mean": 0.41448020935058594,
        "m2": 1.8657892147093662
      }
    }
  },
  "component_stats": {
    "GATA3||GATA3": {
      "mlp:0": {
        "count": 3,
        "mean": -1.5728684355839997,
        "m2": 7.572452417639505
      },
      "mlp:1": {
        "count": 3,
        "mean": -0.49358185047839714,
        "m2": 0.07524849395079623
      },
      "mlp:2": {
        "count": 3,
        "mean": -1.345402276164369,
        "m2": 1.3802692740632745
      },
      "mlp:3": {
        "count": 3,
        "mean": -0.6224404894947617,
        "m2": 3.3942046510516124
      },
      "mlp:4": {
        "count": 3,
        "mean": 1.2400243649978615,
        "m2": 10.929898550028009
      },
      "mlp:5": {
        "count": 3,
        "mean": 1.3725202384217168,
        "m2": 8.906739454532264
      },
      "mlp:6": {
        "count": 3,
        "mean": -0.24194525237825154,
        "m2": 1.470008294314376
      },
      "mlp:7": {
        "count": 3,
        "mean": 1.619349891432817,
        "m2": 3.8523120510944624
      },
      "mlp:8": {
        "count": 3,
        "mean": 1.3671549427064804,
        "m2": 3.896224046877101
      },
      "mlp:9": {
        "count": 3,
        "mean": 1.5563327727068967,
        "m2": 10.496433666312877
      },
      "mlp:10": {
        "count": 3,
        "mean": 0.7323620766580874,
        "m2": 2.709655469767041
      },
      "mlp:11": {
        "count": 3,
        "mean": 0.927751452824389,
        "m2": 4.068761967639643
      }
    }
  },
  "saved_at": 1770766973.898813
}