{
  "processed_pairs": [
    "KLF2||CXCR4",
    "STAT4||S100A4"
  ],
  "pair_stats": {
    "KLF2||CXCR4": {
      "ablation": {
        "count": 12,
        "mean": -0.15701278050740558,
        "m2": 0.22312736834616467
      }
    },
    "STAT4||S100A4": {
      "ablation": {
        "count": 9,
        "mean": 0.05093150668674045,
        "m2": 0.24576523841662695
      }
    }
  },
  "component_stats": {
    "KLF2||CXCR4": {
      "mlp:0": {
        "count": 12,
        "mean": -0.13400350866740268,
        "m2": 3.749382148871311
      },
      "mlp:1": {
        "count": 12,
        "mean": -0.057733665575732715,
        "m2": 0.6765305531042496
      },
      "mlp:2": {
        "count": 12,
        "mean": -0.04452786858848321,
        "m2": 0.366505451796546
      },
      "mlp:3": {
        "count": 12,
        "mean": -0.35061253877277704,
        "m2": 4.644780648032582
      },
      "mlp:4": {
        "count": 12,
        "mean": -0.40814387276050706,
        "m2": 5.3313095353296225
      },
      "mlp:5": {
        "count": 12,
        "mean": -0.0922642431195413,
        "m2": 0.22601025980003006
      },
      "mlp:6": {
        "count": 12,
        "mean": -0.11940463253495491,
        "m2": 0.3884633883415941
      },
      "mlp:7": {
        "count": 12,
        "mean": -0.15360739252036254,
        "m2": 0.8061050571661443
      },
      "mlp:8": {
        "count": 12,
        "mean": -0.015741530792957925,
        "m2": 0.08594792915656384
      },
      "mlp:9": {
        "count": 12,
        "mean": -0.018083658140693966,
        "m2": 0.011681130949412167
      },
      "mlp:10": {
        "count": 12,
        "mean": -0.0005349614258091879,
        "m2": 0.0001619300658579106
      },
      "mlp:11": {
        "count": 12,
        "mean": 0.0,
        "m2": 0.0
      }
    },
    "STAT4||S100A4": {
      "mlp:0": {
        "count": 9,
        "mean": 0.42886044402175844,
        "m2": 1.110547528112536
      },
      "mlp:1": {
        "count": 9,
        "mean": -0.10227622586934625,
        "m2": 0.22916414380141825
      },
      "mlp:2": {
        "count": 9,
        "mean": 0.061918102010198206,
        "m2": 0.03344120820627352
      },
      "mlp:3": {
        "count": 9,
        "mean": 0.07108985393796602,
        "m2": 0.037807890765174254
      },
      "mlp:4": {
        "count": 9,
        "mean": -0.08305818501442455,
        "m2": 0.0891960767054336
      },
      "mlp:5": {
        "count": 9,
        "mean": 0.059926961315956484,
        "m2": 0.021724305767967314
      },
      "mlp:6": {
        "count": 9,
        "mean": 0.0055392637609810195,
        "m2": 0.011479294472051775
      },
      "mlp:7": {
        "count": 9,
        "mean": -0.004988249022378619,
        "m2": 0.01919757829961733
      },
      "mlp:8": {
        "count": 9,
        "mean": -0.08764036548243598,
        "m2": 0.06104461620214119
      },
      "mlp:9": {
        "count": 9,
        "mean": -0.021140166199905417,
        "m2": 0.019906890553768385
      },
      "mlp:10": {
        "count": 9,
        "mean": 0.024468381339031134,
        "m2": 0.014624189775738088
      },
      "mlp:11": {
        "count": 9,
        "mean": 0.0,
        "m2": 0.0
      }
    }
  },
  "saved_at": 1770770556.2322829
}