{
  "processed_pairs": [
    "AKR1B1||BTG1",
    "AKR1B1||VIM",
    "CIITA||HLA-DPB1",
    "CIITA||HLA-DRA",
    "EGR1||CD28",
    "ETS1||CD8A",
    "ETS1||IL2RB",
    "ETS1||LCK",
    "FOS||FOS",
    "FOS||GSTP1",
    "GATA3||CD8A",
    "GATA3||GATA3",
    "GATA3||STAT4",
    "HDGF||VIM",
    "HIF1A||AKR1B1",
    "HIF1A||AMH",
    "HIF1A||ITGB2",
    "HIF1A||LDHA",
    "HIF1A||SDHB",
    "HIF1A||VIM",
    "HIPK2||MEF2C",
    "IRF4||MS4A1",
    "IRF8||CYBB",
    "JUN||ETS1",
    "JUN||JUN",
    "JUN||PDHA1",
    "KLF2||CXCR4",
    "KLF6||PTTG1",
    "LRRFIP1||TNF",
    "MYBL1||NCL",
    "PAX5||BLK",
    "PAX5||CD79A",
    "PCBD1||FXYD2",
    "REL||BCL2A1",
    "REL||BIRC3",
    "STAT4||PRF1",
    "STAT4||S100A4",
    "TBX21||GATA3",
    "TCF4||CD44",
    "TCF4||VIM"
  ],
  "pair_stats": {
    "FOS||FOS": {
      "ablation": {
        "count": 12,
        "mean": 0.8091217676798502,
        "m2": 3.7674314809980083
      }
    },
    "KLF2||CXCR4": {
      "ablation": {
        "count": 12,
        "mean": -0.03148778279622396,
        "m2": 0.008194027441883616
      }
    },
    "JUN||JUN": {
      "ablation": {
        "count": 9,
        "mean": -0.31832928127712673,
        "m2": 3.562730393851072
      }
    },
    "STAT4||PRF1": {
      "ablation": {
        "count": 8,
        "mean": 0.02195143699645996,
        "m2": 0.0009211384344780528
      }
    },
    "HIF1A||AMH": {
      "ablation": {
        "count": 7,
        "mean": 0.008168356759207589,
        "m2": 0.0006288892753738245
      }
    },
    "GATA3||GATA3": {
      "ablation": {
        "count": 6,
        "mean": -1.0957806905110676,
        "m2": 2.142525776534361
      }
    },
    "STAT4||S100A4": {
      "ablation": {
        "count": 6,
        "mean": 0.07265027364095052,
        "m2": 0.013680402652729148
      }
    },
    "HIPK2||MEF2C": {
      "ablation": {
        "count": 7,
        "mean": 0.030347824096679688,
        "m2": 0.00593689420929877
      }
    },
    "CIITA||HLA-DRA": {
      "ablation": {
        "count": 6,
        "mean": -0.055268287658691406,
        "m2": 0.0062264564676297604
      }
    },
    "GATA3||STAT4": {
      "ablation": {
        "count": 5,
        "mean": 0.03538665771484375,
        "m2": 0.001973884612380061
      }
    },
    "AKR1B1||BTG1": {
      "ablation": {
        "count": 6,
        "mean": 0.02340984344482422,
        "m2": 0.0035141927346558077
      }
    },
    "MYBL1||NCL": {
      "ablation": {
        "count": 7,
        "mean": -0.01918765476771763,
        "m2": 0.004227654844206491
      }
    },
    "CIITA||HLA-DPB1": {
      "ablation": {
        "count": 6,
        "mean": -0.006572405497233072,
        "m2": 0.001505325718729485
      }
    },
    "PCBD1||FXYD2": {
      "ablation": {
        "count": 5,
        "mean": -0.11010780334472656,
        "m2": 0.030412272283865602
      }
    },
    "PAX5||BLK": {
      "ablation": {
        "count": 5,
        "mean": -0.13789787292480468,
        "m2": 0.06995567818667042
      }
    },
    "FOS||GSTP1": {
      "ablation": {
        "count": 5,
        "mean": 0.07986335754394532,
        "m2": 0.004403678326343652
      }
    },
    "TCF4||VIM": {
      "ablation": {
        "count": 4,
        "mean": 0.03070831298828125,
        "m2": 0.000802304690296296
      }
    },
    "TCF4||CD44": {
      "ablation": {
        "count": 5,
        "mean": 0.026933670043945312,
        "m2": 0.001092052407329902
      }
    },
    "HIF1A||AKR1B1": {
      "ablation": {
        "count": 4,
        "mean": -0.013210296630859375,
        "m2": 0.0003661847731564194
      }
    },
    "HIF1A||ITGB2": {
      "ablation": {
        "count": 4,
        "mean": -0.01177072525024414,
        "m2": 0.0001739615718179266
      }
    },
    "AKR1B1||VIM": {
      "ablation": {
        "count": 6,
        "mean": 0.0163577397664388,
        "m2": 0.004715993494149492
      }
    },
    "ETS1||LCK": {
      "ablation": {
        "count": 5,
        "mean": 0.0059528350830078125,
        "m2": 0.0006070088784326799
      }
    },
    "ETS1||CD8A": {
      "ablation": {
        "count": 4,
        "mean": 0.0030045509338378906,
        "m2": 0.0006130067586127552
      }
    },
    "HIF1A||VIM": {
      "ablation": {
        "count": 4,
        "mean": 0.0015854835510253902,
        "m2": 0.0002695174143809709
      }
    },
    "GATA3||CD8A": {
      "ablation": {
        "count": 3,
        "mean": -0.047454833984375,
        "m2": 0.002989767788676545
      }
    },
    "TBX21||GATA3": {
      "ablation": {
        "count": 3,
        "mean": -0.042218526204427086,
        "m2": 0.004888295736842944
      }
    },
    "JUN||ETS1": {
      "ablation": {
        "count": 4,
        "mean": -0.02343273162841797,
        "m2": 0.008332671259267956
      }
    },
    "ETS1||IL2RB": {
      "ablation": {
        "count": 4,
        "mean": -0.028460979461669922,
        "m2": 0.0002122531541317585
      }
    },
    "HIF1A||SDHB": {
      "ablation": {
        "count": 3,
        "mean": -0.026009241739908852,
        "m2": 0.0025357580840742835
      }
    },
    "PAX5||CD79A": {
      "ablation": {
        "count": 5,
        "mean": -0.10382270812988281,
        "m2": 0.2492430059646722
      }
    },
    "HIF1A||LDHA": {
      "ablation": {
        "count": 3,
        "mean": 0.006991068522135417,
        "m2": 0.0003561478030557434
      }
    },
    "REL||BCL2A1": {
      "ablation": {
        "count": 3,
        "mean": 0.001736323038736979,
        "m2": 0.00055023405244962
      }
    },
    "IRF4||MS4A1": {
      "ablation": {
        "count": 2,
        "mean": -0.09027290344238281,
        "m2": 0.0008283597708214074
      }
    },
    "EGR1||CD28": {
      "ablation": {
        "count": 2,
        "mean": 0.06648826599121094,
        "m2": 0.005351031439204235
      }
    },
    "REL||BIRC3": {
      "ablation": {
        "count": 2,
        "mean": 0.05969524383544922,
        "m2": 0.00022772605188947637
      }
    },
    "IRF8||CYBB": {
      "ablation": {
        "count": 3,
        "mean": 0.027922312418619793,
        "m2": 0.005048457688341538
      }
    },
    "HDGF||VIM": {
      "ablation": {
        "count": 3,
        "mean": 0.049457550048828125,
        "m2": 0.001521162259450648
      }
    },
    "LRRFIP1||TNF": {
      "ablation": {
        "count": 2,
        "mean": -0.040256500244140625,
        "m2": 8.787908882368356e-06
      }
    },
    "KLF6||PTTG1": {
      "ablation": {
        "count": 2,
        "mean": 0.03920555114746094,
        "m2": 0.0004294887839932926
      }
    },
    "JUN||PDHA1": {
      "ablation": {
        "count": 2,
        "mean": -0.036292076110839844,
        "m2": 0.0007782895863783779
      }
    }
  },
  "component_stats": {},
  "saved_at": 1770769682.502174
}