{
  "processed_pairs": [
    "FOS||FOS",
    "FOXP3||IL2RA",
    "GATA3||GATA3",
    "JUN||JUN",
    "JUN||TNF"
  ],
  "pair_stats": {
    "GATA3||GATA3": {
      "ablation": {
        "count": 5,
        "mean": -1.0681289672851562,
        "m2": 2.119585183968593
      },
      "swap": {
        "count": 5,
        "mean": 0.3123992919921875,
        "m2": 1.5513285959561471
      }
    },
    "FOS||FOS": {
      "ablation": {
        "count": 8,
        "mean": 0.8637418746948242,
        "m2": 2.6007233175550937
      },
      "swap": {
        "count": 8,
        "mean": 0.021731853485107422,
        "m2": 0.1627950471938675
      }
    },
    "JUN||JUN": {
      "ablation": {
        "count": 7,
        "mean": -0.4194131578717913,
        "m2": 3.1760112767421687
      },
      "swap": {
        "count": 7,
        "mean": -0.08036613464355469,
        "m2": 0.23323780290957075
      }
    },
    "FOXP3||IL2RA": {
      "ablation": {
        "count": 1,
        "mean": -0.2686805725097656,
        "m2": 0.0
      },
      "swap": {
        "count": 1,
        "mean": 0.1385631561279297,
        "m2": 0.0
      }
    },
    "JUN||TNF": {
      "ablation": {
        "count": 1,
        "mean": -0.1734161376953125,
        "m2": 0.0
      },
      "swap": {
        "count": 1,
        "mean": -0.07903099060058594,
        "m2": 0.0
      }
    }
  },
  "component_stats": {
    "GATA3||GATA3": {
      "mlp:0": {
        "count": 5,
        "mean": -1.9358196456711512,
        "m2": 63.887909298406306
      },
      "mlp:1": {
        "count": 5,
        "mean": -0.005457981579618859,
        "m2": 0.603622013825738
      },
      "mlp:2": {
        "count": 5,
        "mean": -1.651624272763312,
        "m2": 39.658857909386754
      },
      "mlp:3": {
        "count": 5,
        "mean": -0.29585763153558053,
        "m2": 4.162920154913624
      },
      "mlp:4": {
        "count": 5,
        "mean": -0.9255378451236618,
        "m2": 24.610926689646682
      },
      "mlp:5": {
        "count": 5,
        "mean": 1.1067141862717087,
        "m2": 17.243688245880865
      },
      "mlp:6": {
        "count": 5,
        "mean": -0.8091987612128299,
        "m2": 11.290395808202861
      },
      "mlp:7": {
        "count": 5,
        "mean": -1.0284757549485772,
        "m2": 39.665777858459776
      },
      "mlp:8": {
        "count": 5,
        "mean": 0.37799034408385207,
        "m2": 0.16278142674720472
      },
      "mlp:9": {
        "count": 5,
        "mean": 1.4405984416879014,
        "m2": 12.590427890483134
      },
      "mlp:10": {
        "count": 5,
        "mean": 1.9617422813884458,
        "m2": 45.548600130171224
      },
      "mlp:11": {
        "count": 5,
        "mean": 0.3574280490266293,
        "m2": 2.223910779394966
      }
    },
    "FOS||FOS": {
      "mlp:0": {
        "count": 8,
        "mean": 0.1705150915606136,
        "m2": 4.6970358130012455
      },
      "mlp:1": {
        "count": 8,
        "mean": 0.19900859091070444,
        "m2": 3.067504732359654
      },
      "mlp:2": {
        "count": 8,
        "mean": 0.08987461845455674,
        "m2": 0.4556599001800233
      },
      "mlp:3": {
        "count": 8,
        "mean": 0.09951099542320681,
        "m2": 1.2874355148771073
      },
      "mlp:4": {
        "count": 8,
        "mean": -0.24640746723819273,
        "m2": 0.7936994578778165
      },
      "mlp:5": {
        "count": 8,
        "mean": 0.19884161661134353,
        "m2": 3.9800151217799993
      },
      "mlp:6": {
        "count": 8,
        "mean": 0.021293116322464535,
        "m2": 0.849351476341229
      },
      "mlp:7": {
        "count": 8,
        "mean": 0.06538405792928495,
        "m2": 1.3514971795228723
      },
      "mlp:8": {
        "count": 8,
        "mean": 0.060784996162401336,
        "m2": 7.251873805234178
      },
      "mlp:9": {
        "count": 8,
        "mean": 0.25684091559971844,
        "m2": 0.8638199101716411
      },
      "mlp:10": {
        "count": 8,
        "mean": 0.3007690328695289,
        "m2": 0.3627529097704283
      },
      "mlp:11": {
        "count": 8,
        "mean": 0.09607455705418426,
        "m2": 0.27459578413164576
      }
    },
    "JUN||JUN": {
      "mlp:0": {
        "count": 7,
        "mean": 0.8191954965928462,
        "m2": 1.4295926883332115
      },
      "mlp:1": {
        "count": 7,
        "mean": 0.029487895717426972,
        "m2": 0.3123384697995469
      },
      "mlp:2": {
        "count": 7,
        "mean": -0.04345136994726075,
        "m2": 0.09068495406789545
      },
      "mlp:3": {
        "count": 7,
        "mean": 0.10432863092466294,
        "m2": 0.20773171999594175
      },
      "mlp:4": {
        "count": 7,
        "mean": 0.006798689578098899,
        "m2": 0.9332046843366038
      },
      "mlp:5": {
        "count": 7,
        "mean": -0.209076767255156,
        "m2": 1.0786439259838647
      },
      "mlp:6": {
        "count": 7,
        "mean": 0.40061010566091587,
        "m2": 0.4040862546138299
      },
      "mlp:7": {
        "count": 7,
        "mean": 0.188694544752799,
        "m2": 0.19934567488911806
      },
      "mlp:8": {
        "count": 7,
        "mean": 0.02028420585791497,
        "m2": 0.37599426548959963
      },
      "mlp:9": {
        "count": 7,
        "mean": 0.3641134351730756,
        "m2": 0.09558264167604695
      },
      "mlp:10": {
        "count": 7,
        "mean": 0.28320979429720367,
        "m2": 0.11401690873762732
      },
      "mlp:11": {
        "count": 7,
        "mean": 0.2342572142100036,
        "m2": 0.7654984358829445
      }
    },
    "FOXP3||IL2RA": {
      "mlp:0": {
        "count": 1,
        "mean": 0.036871920832564284,
        "m2": 0.0
      },
      "mlp:1": {
        "count": 1,
        "mean": 0.031121775304189796,
        "m2": 0.0
      },
      "mlp:2": {
        "count": 1,
        "mean": -0.031540613064898554,
        "m2": 0.0
      },
      "mlp:3": {
        "count": 1,
        "mean": -0.01998353044737552,
        "m2": 0.0
      },
      "mlp:4": {
        "count": 1,
        "mean": 0.01112404696662076,
        "m2": 0.0
      },
      "mlp:5": {
        "count": 1,
        "mean": 0.00710604404185538,
        "m2": 0.0
      },
      "mlp:6": {
        "count": 1,
        "mean": 0.0022077719250919313,
        "m2": 0.0
      },
      "mlp:7": {
        "count": 1,
        "mean": 0.0028253801485099315,
        "m2": 0.0
      },
      "mlp:8": {
        "count": 1,
        "mean": 0.010108897817784276,
        "m2": 0.0
      },
      "mlp:9": {
        "count": 1,
        "mean": 0.007098945096758622,
        "m2": 0.0
      },
      "mlp:10": {
        "count": 1,
        "mean": 0.0005892124430309656,
        "m2": 0.0
      },
      "mlp:11": {
        "count": 1,
        "mean": 0.0,
        "m2": 0.0
      }
    },
    "JUN||TNF": {
      "mlp:0": {
        "count": 1,
        "mean": 0.38162120545534534,
        "m2": 0.0
      },
      "mlp:1": {
        "count": 1,
        "mean": -0.07659480862296525,
        "m2": 0.0
      },
      "mlp:2": {
        "count": 1,
        "mean": 0.24638143422789266,
        "m2": 0.0
      },
      "mlp:3": {
        "count": 1,
        "mean": 0.4299714034315882,
        "m2": 0.0
      },
      "mlp:4": {
        "count": 1,
        "mean": -0.2221073471183458,
        "m2": 0.0
      },
      "mlp:5": {
        "count": 1,
        "mean": 0.13567971843378795,
        "m2": 0.0
      },
      "mlp:6": {
        "count": 1,
        "mean": -0.02497800263968324,
        "m2": 0.0
      },
      "mlp:7": {
        "count": 1,
        "mean": -0.03819841619005719,
        "m2": 0.0
      },
      "mlp:8": {
        "count": 1,
        "mean": 0.011691597008358997,
        "m2": 0.0
      },
      "mlp:9": {
        "count": 1,
        "mean": 0.004564452265728112,
        "m2": 0.0
      },
      "mlp:10": {
        "count": 1,