{
  "processed_pairs": [
    "KLF2||CXCR4",
    "STAT4||S100A4"
  ],
  "pair_stats": {
    "KLF2||CXCR4": {
      "ablation": {
        "count": 12,
        "mean": -0.03148873647054037,
        "m2": 0.008193370179166473
      }
    },
    "STAT4||S100A4": {
      "ablation": {
        "count": 6,
        "mean": 0.07264868418375652,
        "m2": 0.01367852697452084
      }
    }
  },
  "component_stats": {
    "KLF2||CXCR4": {
      "mlp:0": {
        "count": 12,
        "mean": 12.361900264861951,
        "m2": 25457.86584530209
      },
      "mlp:1": {
        "count": 12,
        "mean": 3.9025227040118566,
        "m2": 1692.2551004423174
      },
      "mlp:2": {
        "count": 12,
        "mean": 3.738446865661658,
        "m2": 2059.0855840569775
      },
      "mlp:3": {
        "count": 12,
        "mean": 9.699126966951798,
        "m2": 9080.931362009906
      },
      "mlp:4": {
        "count": 12,
        "mean": 18.422949966922154,
        "m2": 36538.205822245945
      },
      "mlp:5": {
        "count": 12,
        "mean": 1.963455587629422,
        "m2": 279.15945348337885
      },
      "mlp:6": {
        "count": 12,
        "mean": 1.9586683740405713,
        "m2": 458.5406450016948
      },
      "mlp:7": {
        "count": 12,
        "mean": 2.2323108188905754,
        "m2": 1051.0012997904375
      },
      "mlp:8": {
        "count": 12,
        "mean": -0.10199904743308683,
        "m2": 42.208960266595355
      },
      "mlp:9": {
        "count": 12,
        "mean": -0.3263607668701186,
        "m2": 29.87710086720121
      },
      "mlp:10": {
        "count": 12,
        "mean": -0.12553687121544557,
        "m2": 1.2446676618558161
      },
      "mlp:11": {
        "count": 12,
        "mean": 0.0,
        "m2": 0.0
      }
    },
    "STAT4||S100A4": {
      "mlp:0": {
        "count": 6,
        "mean": 0.31251822411897234,
        "m2": 1.0853369990252344
      },
      "mlp:1": {
        "count": 6,
        "mean": 0.018872605542848517,
        "m2": 0.12872896436324166
      },
      "mlp:2": {
        "count": 6,
        "mean": -0.04816377847828689,
        "m2": 0.426939168070401
      },
      "mlp:3": {
        "count": 6,
        "mean": -0.03844367145524601,
        "m2": 0.0331945533568993
      },
      "mlp:4": {
        "count": 6,
        "mean": -0.018245558451669423,
        "m2": 0.44780904648096276
      },
      "mlp:5": {
        "count": 6,
        "mean": 0.08990898569426051,
        "m2": 0.03978706712416042
      },
      "mlp:6": {
        "count": 6,
        "mean": 0.04537701076573867,
        "m2": 0.007811214800947397
      },
      "mlp:7": {
        "count": 6,
        "mean": -0.002548492913741739,
        "m2": 0.0019271470509685952
      },
      "mlp:8": {
        "count": 6,
        "mean": 0.028523608088812567,
        "m2": 0.09480895673466923
      },
      "mlp:9": {
        "count": 6,
        "mean": 0.0005879666677182864,
        "m2": 0.0001692620869724348
      },
      "mlp:10": {
        "count": 6,
        "mean": 0.018107060682960058,
        "m2": 0.0065115233291043375
      },
      "mlp:11": {
        "count": 6,
        "mean": 0.0,
        "m2": 0.0
      }
    }
  },
  "saved_at": 1770770071.432801
}