{
  "processed_pairs": [
    "FOS||FOS",
    "JUN||JUN"
  ],
  "pair_stats": {
    "FOS||FOS": {
      "ablation": {
        "count": 8,
        "mean": -0.047759771347045885,
        "m2": 12.148703168702468
      },
      "swap": {
        "count": 8,
        "mean": 0.20918774604797363,
        "m2": 4.553623930572485
      }
    },
    "JUN||JUN": {
      "ablation": {
        "count": 8,
        "mean": -1.4502670764923096,
        "m2": 2.230911820238816
      },
      "swap": {
        "count": 8,
        "mean": -0.36797118186950684,
        "m2": 4.93255135163372
      }
    }
  },
  "component_stats": {
    "FOS||FOS": {
      "mlp:0": {
        "count": 8,
        "mean": -0.04774354610734716,
        "m2": 2.2011069931473384
      },
      "mlp:1": {
        "count": 8,
        "mean": -0.19910532700826705,
        "m2": 6.751154475600909
      },
      "mlp:2": {
        "count": 8,
        "mean": -0.09655162772216266,
        "m2": 0.7736199709587298
      },
      "mlp:3": {
        "count": 8,
        "mean": -0.047777950890732515,
        "m2": 0.7480504284566406
      },
      "mlp:4": {
        "count": 8,
        "mean": 0.2541657403740586,
        "m2": 1.914941836057732
      },
      "mlp:5": {
        "count": 8,
        "mean": 0.3525280173123947,
        "m2": 2.5153645019539295
      },
      "mlp:6": {
        "count": 8,
        "mean": 0.338476941839252,
        "m2": 2.38249045450405
      },
      "mlp:7": {
        "count": 8,
        "mean": 0.001658835235322707,
        "m2": 0.5142263842386222
      },
      "mlp:8": {
        "count": 8,
        "mean": 0.7165428353770986,
        "m2": 7.196420032483634
      },
      "mlp:9": {
        "count": 8,
        "mean": 0.031921421888555776,
        "m2": 2.260869495254894
      },
      "mlp:10": {
        "count": 8,
        "mean": 0.12385160201171519,
        "m2": 4.901691888946641
      },
      "mlp:11": {
        "count": 8,
        "mean": 0.1238156273835583,
        "m2": 1.4404109648281307
      }
    },
    "JUN||JUN": {
      "mlp:0": {
        "count": 8,
        "mean": 0.27342101497384697,
        "m2": 2.993754582271985
      },
      "mlp:1": {
        "count": 8,
        "mean": -0.14084916150329133,
        "m2": 0.1313205286551017
      },
      "mlp:2": {
        "count": 8,
        "mean": -0.07143362684969337,
        "m2": 0.2259095293493605
      },
      "mlp:3": {
        "count": 8,
        "mean": 0.12451675879349479,
        "m2": 0.3102302201775415
      },
      "mlp:4": {
        "count": 8,
        "mean": -0.04835434603177692,
        "m2": 0.23184283159748342
      },
      "mlp:5": {
        "count": 8,
        "mean": -0.12245482756580418,
        "m2": 1.4568502973168376
      },
      "mlp:6": {
        "count": 8,
        "mean": 0.3102739934767892,
        "m2": 0.47787751395587097
      },
      "mlp:7": {
        "count": 8,
        "mean": 0.15976515251765303,
        "m2": 0.07085426594887262
      },
      "mlp:8": {
        "count": 8,
        "mean": 0.2718100916438186,
        "m2": 0.16671527667428176
      },
      "mlp:9": {
        "count": 8,
        "mean": 0.25366570960696067,
        "m2": 0.2762895598537579
      },
      "mlp:10": {
        "count": 8,
        "mean": 0.12235745064960828,
        "m2": 0.3484934335872043
      },
      "mlp:11": {
        "count": 8,
        "mean": 0.3303690462824815,
        "m2": 0.7798486657780057
      }
    }
  },
  "saved_at": 1770768136.3632169
}